{
  "fonts": {
    "title": {
      "color": "black",
      "size": 12,
      "fontFace": "bold",
      "fontFamily": "",
      "angle": 0,
      "align": "center"
    },
    "subtitle": {
      "color": "black",
      "size": 11,
      "fontFace": "plain",
      "fontFamily": "",
      "angle": 0,
      "align": "center"
    },
    "xlabel": {
      "color": "black",
      "size": 10,
      "fontFace": "plain",
      "fontFamily": "",
      "angle": 0,
      "align": "center"
    },
    "ylabel": {
      "color": "black",
      "size": 10,
      "fontFace": "plain",
      "fontFamily": "",
      "angle": 90,
      "align": "center"
    },
    "caption": {
      "color": "black",
      "size": 8,
      "fontFace": "plain",
      "fontFamily": "",
      "angle": 0,
      "align": "left"
    },
    "watermark": {
      "color": "#8989BC",
      "size": 12,
      "fontFace": "plain",
      "fontFamily": "",
      "angle": 0
    },
    "legend": {
      "color": "black",
      "size": 8,
      "fontFace": "plain",
      "fontFamily": "",
      "angle": 0,
      "align": "left"
    },
    "legendTitle": {
      "color": "black",
      "size": 12,
      "fontFace": "plain",
      "fontFamily": "",
      "angle": 0,
      "align": "center"
    },
    "xAxis": {
      "color": "black",
      "size": 10,
      "fontFace": "plain",
      "fontFamily": "",
      "angle": 0,
      "align": "center"
    },
    "yAxis": {
      "color": "black",
      "size": 10,
      "fontFace": "plain",
      "fontFamily": "",
      "angle": 0,
      "align": "right"
    }
  },
  "background": {
    "watermark": "",
    "legendPosition": "insideTopRight",
    "plot": {
      "fill": "#DDDDDD",
      "color": "#DDDDDD",
      "size": 0.5,
      "linetype": "blank"
    },
    "panel": {
      "fill": "white",
      "color": "#AAAAAA",
      "size": "0.5",
      "linetype": "solid"
    },
    "xAxis": {
      "color": "black",
      "size": "0.5",
      "linetype": "solid"
    },
    "yAxis": {
      "color": "black",
      "size": "0.5",
      "linetype": "solid"
    },
    "xGrid": {
      "color": "#AAAAAA",
      "size": "0.5",
      "linetype": "solid"
    },
    "yGrid": {
      "color": "#AAAAAA",
      "size": "0.5",
      "linetype": "solid"
    },
    "legend": {
      "fill": "white",
      "color": "black",
      "size": "0.5",
      "linetype": "solid"
    }
  },
  "aestheticMaps": {
    "color": [
      "#0072BD",
      "#D95319",
      "#EDB120",
      "#7E2F8E",
      "#77AC30",
      "#4DBEEE",
      "#A2142F"
    ],
    "fill": [
      "#0072BD",
      "#D95319",
      "#EDB120",
      "#7E2F8E",
      "#77AC30",
      "#4DBEEE",
      "#A2142F"
    ],
    "shape": [
      "circle",
      "square",
      "triangle",
      "plus",
      "cross",
      "diamond",
      "invertedTriangle",
      "star",
      "pentagon",
      "hexagon",
      "asterisk",
      "circleOpen",
      "squareOpen",
      "triangleOpen",
      "thinPlus",
      "thinCross",
      "diamondOpen",
      "invertedTriangleOpen",
      "starOpen",
      "pentagonOpen",
      "hexagonOpen"
    ],
    "linetype": [
      "solid",
      "longdash",
      "dotted",
      "dashed",
      "twodash",
      "dotdash"
    ],
    "size": [
      1,
      2,
      3,
      4,
      5
    ],
    "alpha": [
      0.75,
      0.5,
      0.25
    ]
  },
  "plotConfigurations": {
    "addScatter": {
      "color": "next",
      "fill": "NA",
      "shape": "first",
      "linetype": "blank",
      "size": 3,
      "alpha": 1
    },
    "addLine": {
      "color": "next",
      "fill": "NA",
      "shape": "blank",
      "linetype": 0.5,
      "size": "first",
      "alpha": 1
    },
    "addRibbon": {
      "color": "next",
      "fill": "next",
      "shape": "blank",
      "linetype": "same",
      "size": "first",
      "alpha": "first"
    },
    "addErrorbar": {
      "color": "next",
      "fill": "NA",
      "shape": "blank",
      "linetype": 0.5,
      "size": "first",
      "alpha": 1
    },
    "plotPKRatio": {
      "points": {
        "color": "reset",
        "fill": "NA",
        "shape": "reset",
        "linetype": "blank",
        "size": 3,
        "alpha": 1
      },
      "lines": {
        "color": "black",
        "fill": "NA",
        "shape": "blank",
        "linetype": [
          "solid",
          "longdash",
          "dotted"
        ],
        "size": 0.5,
        "alpha": 1
      },
      "errorbars": {
        "color": "reset",
        "fill": "NA",
        "shape": "blank",
        "linetype": "solid",
        "size": 1,
        "alpha": 1
      }
    },
    "plotDDIRatio": {
      "points": {
        "color": "reset",
        "fill": "NA",
        "shape": "reset",
        "linetype": "blank",
        "size": 3,
        "alpha": 1
      },
      "lines": {
        "color": "black",
        "fill": "NA",
        "shape": "blank",
        "linetype": [
          "solid",
          "dotted",
          "solid"
        ],
        "size": 0.5,
        "alpha": 1
      },
      "errorbars": {
        "color": "reset",
        "fill": "NA",
        "shape": "blank",
        "linetype": "solid",
        "size": 1,
        "alpha": 1
      }
    },
    "plotTimeProfile": {
      "points": {
        "color": "reset",
        "fill": "NA",
        "shape": "first",
        "linetype": "blank",
        "size": 3,
        "alpha": 1
      },
      "lines": {
        "color": "reset",
        "fill": "NA",
        "shape": "blank",
        "linetype": "first",
        "size": 0.5,
        "alpha": 1
      },
      "ribbons": {
        "color": "reset",
        "fill": "reset",
        "shape": "blank",
        "linetype": "blank",
        "size": 1,
        "alpha": "first"
      },
      "errorbars": {
        "color": "reset",
        "fill": "NA",
        "shape": "blank",
        "linetype": "solid",
        "size": 1,
        "alpha": 1
      }
    },
    "plotObsVsPred": {
      "points": {
        "color": "reset",
        "fill": "NA",
        "shape": "first",
        "linetype": "blank",
        "size": 3,
        "alpha": 1
      },
      "lines": {
        "color": [
          "black",
          "red"
        ],
        "fill": "NA",
        "shape": "blank",
        "linetype": "solid",
        "size": 0.5,
        "alpha": 1
      },
      "errorbars": {
        "color": "reset",
        "fill": "NA",
        "shape": "blank",
        "linetype": "solid",
        "size": 0.5,
        "alpha": 1
      }
    },
    "plotBoxWhisker": {
      "points": {
        "color": "red",
        "fill": "NA",
        "shape": "plus",
        "linetype": "blank",
        "size": 3,
        "alpha": 1
      },
      "ribbons": {
        "color": "black",
        "fill": "reset",
        "shape": "blank",
        "linetype": "solid",
        "size": 0.5,
        "alpha": "first"
      }
    },
    "plotTornado": {
      "lines": {
        "color": "black",
        "fill": "NA",
        "shape": "blank",
        "linetype": "solid",
        "size": 0.5,
        "alpha": 1
      },
      "points": {
        "color": "reset",
        "fill": "NA",
        "shape": "first",
        "linetype": "blank",
        "size": 3,
        "alpha": 1
      },
      "ribbons": {
        "color": "black",
        "fill": "reset",
        "shape": "blank",
        "linetype": "solid",
        "size": 0.5,
        "alpha": "first"
      }
    },
    "plotHistogram": {
      "lines": {
        "color": "next",
        "fill": "NA",
        "shape": "blank",
        "linetype": "solid",
        "size": 0.5,
        "alpha": 1
      },
      "ribbons": {
        "color": "black",
        "fill": "reset",
        "shape": "blank",
        "linetype": "solid",
        "size": 0.5,
        "alpha": "first"
      }
    }
  }
}