{
  "fonts": {
    "title": {
      "color": "grey20",
      "size": 12,
      "fontFace": "plain",
      "fontFamily": "",
      "angle": 0,
      "align": "center",
      "maxWidth": null,
      "margin": [20,2,10,2]
      },
    "subtitle": {
      "color": "grey20",
      "size": 10,
      "fontFace": "plain",
      "fontFamily": "",
      "angle": 0,
      "align": "center",
      "maxWidth": null,
      "margin": [0,2,10,2]
      },
    "xlabel": {
      "color": "grey20",
      "size": 10,
      "fontFace": "plain",
      "fontFamily": "",
      "angle": 0,
      "align": "center",
      "maxWidth": null,
      "margin": [10,2,5,2]
      },
    "ylabel": {
      "color": "grey20",
      "size": 10,
      "fontFace": "plain",
      "fontFamily": "",
      "angle": 90,
      "align": "center",
      "maxWidth": null,
      "margin": [5,2,10,2]
    },
    "y2label": {
      "color": "grey20",
      "size": 10,
      "fontFace": "plain",
      "fontFamily": "",
      "angle": -90,
      "align": "center",
      "maxWidth": null,
      "margin": [5,2,10,2]

    },
    "caption": {
      "color": "grey20",
      "size": 8,
      "fontFace": "plain",
      "fontFamily": "",
      "angle": 0,
      "align": "left",
      "maxWidth": null,
      "margin": [2,2,5,2]

    },
    "watermark": {
      "color": "grey20",
      "size": 12,
      "fontFace": "plain",
      "fontFamily": "",
      "angle": 30,
      "align": "center",
      "maxWidth": null,
      "margin": [1,1,1,1]
    },
    "legend": {
      "color": "grey20",
      "size": 10,
      "fontFace": "plain",
      "fontFamily": "",
      "angle": 0,
      "align": "left",
      "maxWidth": null,
      "margin": [2,0,2,0]
    },
    "legendTitle": {
      "color": "black",
      "size": 14,
      "fontFace": "plain",
      "fontFamily": "",
      "angle": 0,
      "align": "center",
      "maxWidth": null,
      "margin": [2,2,2,2]
    },
    "xAxis": {
      "color": "grey20",
      "size": 10,
      "fontFace": "plain",
      "fontFamily": "",
      "angle": 0,
      "align": "center",
      "maxWidth": null,
      "margin": [2,2,2,2]
    },
    "yAxis": {
      "color": "grey20",
      "size": 10,
      "fontFace": "plain",
      "fontFamily": "",
      "angle": 0,
      "align": "right",
      "maxWidth": null,
      "margin": [2,2,2,2]
    },
    "y2Axis": {
      "color": "grey20",
      "size": 10,
      "fontFace": "plain",
      "fontFamily": "",
      "angle": 0,
      "align": "right",
      "maxWidth": null,
      "margin": [5,2,5,2]
    }
  },
  "background": {
    "watermark": "",
    "legendPosition": "insideTopRight",
    "plot": {
      "fill": "white",
      "color": "grey20",
      "size": 0.5,
      "linetype": "blank"
    },
    "panel": {
      "fill": "white",
      "color": "grey20",
      "size": "0.5",
      "linetype": "blank"
    },
    "xAxis": {
      "color": "grey20",
      "size": "0.5",
      "linetype": "solid"
    },
    "yAxis": {
      "color": "grey20",
      "size": "0.5",
      "linetype": "solid"
    },
    "y2Axis": {
      "color": "grey20",
      "size": "0.5",
      "linetype": "solid"
    },
    "xGrid": {
      "color": "grey20",
      "size": "0.5",
      "linetype": "blank"
    },
    "yGrid": {
      "color": "grey20",
      "size": "0.5",
      "linetype": "blank"
    },
    "y2Grid": {
      "color": "grey20",
      "size": "0.5",
      "linetype": "blank"
    },
    "legend": {
      "fill": "white",
      "color": "white",
      "size": "0.5",
      "linetype": "blank"
    }
  },
  "aestheticMaps": {
    "color": [
      "#0078D7",
      "#D83B01",
      "#107C10",
      "#A80000",
      "#002050",
      "#B4009E"
    ],
    "fill": [
      "#0078D7",
      "#D83B01",
      "#107C10",
      "#A80000",
      "#002050",
      "#B4009E"
    ],
    "shape": [
      "circle",
      "square",
      "triangle",
      "plus",
      "cross",
      "diamond",
      "invertedTriangle",
      "star",
      "pentagon",
      "hexagon",
      "asterisk",
      "circleOpen",
      "squareOpen",
      "triangleOpen",
      "thinPlus",
      "thinCross",
      "diamondOpen",
      "invertedTriangleOpen",
      "starOpen",
      "pentagonOpen",
      "hexagonOpen"
    ],
    "linetype": [
      "solid",
      "longdash",
      "dotted",
      "dashed",
      "twodash",
      "dotdash"
    ],
    "size": [
      1,
      2,
      3,
      4,
      5
    ],
    "alpha": [
      0.75,
      0.5,
      0.25
    ]
  },
  "plotConfigurations": {
    "addScatter": {
      "color": "next",
      "fill": "NA",
      "shape": "next",
      "linetype": "blank",
      "size": 3,
      "alpha": 1
    },
    "addLine": {
      "color": "next",
      "fill": "NA",
      "shape": "blank",
      "linetype": "same",
      "size": "first",
      "alpha": 1
    },
    "addRibbon": {
      "color": "next",
      "fill": "next",
      "shape": "blank",
      "linetype": "same",
      "size": "first",
      "alpha": "first"
    },
    "addErrorbar": {
      "color": "next",
      "fill": "NA",
      "shape": "blank",
      "linetype": "first",
      "size": "first",
      "alpha": 1
    },
    "plotPKRatio": {
      "points": {
        "color": "reset",
        "fill": "NA",
        "shape": "reset",
        "linetype": "blank",
        "size": 3,
        "alpha": 1
      },
      "lines": {
        "color": "grey20",
        "fill": "NA",
        "shape": "blank",
        "linetype": "longdash",
        "size": 0.5,
        "alpha": 1
      },
      "errorbars": {
        "color": "reset",
        "fill": "NA",
        "shape": "blank",
        "linetype": "solid",
        "size": 0.5,
        "alpha": 1
      }
    },
    "plotDDIRatio": {
      "points": {
        "color": "reset",
        "fill": "NA",
        "shape": "reset",
        "linetype": "blank",
        "size": 3,
        "alpha": 1
      },
      "lines": {
        "color": "grey20",
        "fill": "NA",
        "shape": "blank",
        "linetype": "longdash",
        "size": 0.5,
        "alpha": 1
      },
      "errorbars": {
        "color": "reset",
        "fill": "NA",
        "shape": "blank",
        "linetype": "solid",
        "size": 1,
        "alpha": 1
      }
    },
    "plotTimeProfile": {
      "points": {
        "color": "reset",
        "fill": "NA",
        "shape": "reset",
        "linetype": "blank",
        "size": 3,
        "alpha": 1
      },
      "lines": {
        "color": "reset",
        "fill": "NA",
        "shape": "blank",
        "linetype": "reset",
        "size": 0.5,
        "alpha": 1
      },
      "ribbons": {
        "color": "reset",
        "fill": "reset",
        "shape": "blank",
        "linetype": "blank",
        "size": 0.5,
        "alpha": "first"
      },
      "errorbars": {
        "color": "reset",
        "fill": "NA",
        "shape": "blank",
        "linetype": "solid",
        "size": 0.5,
        "alpha": 1
      }
    },
    "plotObsVsPred": {
      "points": {
        "color": "reset",
        "fill": "NA",
        "shape": "reset",
        "linetype": "blank",
        "size": 3,
        "alpha": 1
      },
      "lines": {
        "color": "grey20",
        "fill": "NA",
        "shape": "blank",
        "linetype": "longdash",
        "size": 0.5,
        "alpha": 1
      },
      "errorbars": {
        "color": "reset",
        "fill": "NA",
        "shape": "blank",
        "linetype": "solid",
        "size": 0.5,
        "alpha": 1
      }
    },
    "plotBoxWhisker": {
      "points": {
        "color": "grey20",
        "fill": "NA",
        "shape": "circle",
        "linetype": "blank",
        "size": 3,
        "alpha": 1
      },
      "ribbons": {
        "color": "grey20",
        "fill": "reset",
        "shape": "blank",
        "linetype": "solid",
        "size": 0.5,
        "alpha": "first"
      }
    },
    "plotTornado": {
      "lines": {
        "color": "grey20",
        "fill": "NA",
        "shape": "blank",
        "linetype": "longdash",
        "size": 0.5,
        "alpha": 1
      },
      "points": {
        "color": "reset",
        "fill": "NA",
        "shape": "reset",
        "linetype": "blank",
        "size": 3,
        "alpha": 1
      },
      "ribbons": {
        "color": "reset",
        "fill": "reset",
        "shape": "blank",
        "linetype": "solid",
        "size": 0.5,
        "alpha": "first"
      }
    },
    "plotHistogram": {
      "lines": {
        "color": "next",
        "fill": "NA",
        "shape": "blank",
        "linetype": "solid",
        "size": 0.5,
        "alpha": 1
      },
      "ribbons": {
        "color": "grey20",
        "fill": "reset",
        "shape": "blank",
        "linetype": "solid",
        "size": 0.5,
        "alpha": "first"
      }
    }
  }
}
