{
  "fonts": {
    "title": {
      "color": "black",
      "size": 16,
      "fontFace": "bold",
      "fontFamily": "",
      "angle": 0,
      "align": "center"
    },
    "subtitle": {
      "color": "black",
      "size": 12,
      "fontFace": "plain",
      "fontFamily": "",
      "angle": 0,
      "align": "center"
    },
    "xlabel": {
      "color": "black",
      "size": 16,
      "fontFace": "plain",
      "fontFamily": "",
      "angle": 0,
      "align": "center"
    },
    "ylabel": {
      "color": "black",
      "size": 16,
      "fontFace": "plain",
      "fontFamily": "",
      "angle": 90,
      "align": "center"
    },
    "caption": {
      "color": "black",
      "size": 10,
      "fontFace": "plain",
      "fontFamily": "",
      "angle": 0,
      "align": "left"
    },
    "watermark": {
      "color": "grey30",
      "size": 12,
      "fontFace": "plain",
      "fontFamily": "",
      "angle": 30,
      "align": "center"
    },
    "legend": {
      "color": "black",
      "size": 14,
      "fontFace": "plain",
      "fontFamily": "",
      "angle": 0,
      "align": "left"
    },
    "legendTitle": {
      "color": "black",
      "size": 14,
      "fontFace": "plain",
      "fontFamily": "",
      "angle": 0,
      "align": "center"
    },
    "xAxis": {
      "color": "black",
      "size": 14,
      "fontFace": "plain",
      "fontFamily": "",
      "angle": 0,
      "align": "center"
    },
    "yAxis": {
      "color": "black",
      "size": 14,
      "fontFace": "plain",
      "fontFamily": "",
      "angle": 0,
      "align": "right"
    }
  },
  "background": {
    "watermark": "template",
    "legendPosition": "outsideRight",
    "legendTitle": null,
    "plot": {
      "fill": "white",
      "color": "black",
      "size": 0.5,
      "linetype": "blank"
    },
    "panel": {
      "fill": "white",
      "color": "black",
      "size": "0.5",
      "linetype": "solid"
    },
    "xAxis": {
      "color": "black",
      "size": "1",
      "linetype": "solid"
    },
    "yAxis": {
      "color": "black",
      "size": "1",
      "linetype": "solid"
    },
    "xGrid": {
      "color": "grey",
      "size": "0.5",
      "linetype": "dashed"
    },
    "yGrid": {
      "color": "grey",
      "size": "0.5",
      "linetype": "dashed"
    },
    "legend": {
      "fill": "white",
      "color": "white",
      "size": "0.5",
      "linetype": "blank"
    }
  },
  "aestheticMaps": {
    "color": [
      "#0078D7",
      "#D83B01",
      "#107C10",
      "#A80000",
      "#002050",
      "#B4009E"
    ],
    "fill": [
      "#0078D7",
      "#D83B01",
      "#107C10",
      "#A80000",
      "#002050",
      "#B4009E"
    ],
    "shape": [
      "circle",
      "square",
      "triangle",
      "plus",
      "cross",
      "diamond",
      "invertedTriangle",
      "star",
      "pentagon",
      "hexagon",
      "asterisk",
      "circleOpen",
      "squareOpen",
      "triangleOpen",
      "thinPlus",
      "thinCross",
      "diamondOpen",
      "invertedTriangleOpen",
      "starOpen",
      "pentagonOpen",
      "hexagonOpen"
    ],
    "linetype": [
      "solid",
      "longdash",
      "dotted",
      "dashed",
      "twodash",
      "dotdash"
    ],
    "size": [
      1,
      2,
      3,
      4,
      5
    ],
    "alpha": [
      0.75,
      0.5,
      0.25
    ]
  },
  "plotConfigurations": {
    "addScatter": {
      "color": "next",
      "fill": "NA",
      "shape": "next",
      "linetype": "blank",
      "size": "first",
      "alpha": 1
    },
    "addLine": {
      "color": "next",
      "fill": "NA",
      "shape": "blank",
      "linetype": "same",
      "size": "first",
      "alpha": 1
    },
    "addRibbon": {
      "color": "next",
      "fill": "next",
      "shape": "blank",
      "linetype": "same",
      "size": "first",
      "alpha": "first"
    },
    "addErrorbar": {
      "color": "next",
      "fill": "NA",
      "shape": "blank",
      "linetype": "first",
      "size": "first",
      "alpha": 1
    },
    "plotPKRatio": {
      "points": {
        "color": "reset",
        "fill": "NA",
        "shape": "reset",
        "linetype": "blank",
        "size": 3,
        "alpha": 1
      },
      "lines": {
        "color": [
          "#000000",
          "#0078D7",
          "#D83B01"
        ],
        "fill": "NA",
        "shape": "blank",
        "linetype": "longdash",
        "size": 1,
        "alpha": 1
      },
      "errorbars": {
        "color": "reset",
        "fill": "NA",
        "shape": "blank",
        "linetype": "solid",
        "size": 1,
        "alpha": 1
      }
    },
    "plotDDIRatio": {
      "points": {
        "color": "reset",
        "fill": "NA",
        "shape": "reset",
        "linetype": "blank",
        "size": 3,
        "alpha": 1
      },
      "lines": {
        "color": [
          "#000000",
          "#0078D7",
          "#D83B01"
        ],
        "fill": "NA",
        "shape": "blank",
        "linetype": "longdash",
        "size": 1,
        "alpha": 1
      },
      "errorbars": {
        "color": "reset",
        "fill": "NA",
        "shape": "blank",
        "linetype": "solid",
        "size": 1,
        "alpha": 1
      }
    },
    "plotTimeProfile": {
      "points": {
        "color": "reset",
        "fill": "NA",
        "shape": "reset",
        "linetype": "blank",
        "size": 3,
        "alpha": 1
      },
      "lines": {
        "color": "reset",
        "fill": "NA",
        "shape": "blank",
        "linetype": "reset",
        "size": 1,
        "alpha": 1
      },
      "ribbons": {
        "color": "reset",
        "fill": "reset",
        "shape": "blank",
        "linetype": "blank",
        "size": 1,
        "alpha": "first"
      },
      "errorbars": {
        "color": "reset",
        "fill": "NA",
        "shape": "blank",
        "linetype": "solid",
        "size": 1,
        "alpha": 1
      }
    },
    "plotObsVsPred": {
      "points": {
        "color": "reset",
        "fill": "NA",
        "shape": "reset",
        "linetype": "blank",
        "size": 3,
        "alpha": 1
      },
      "lines": {
        "color": "#111111",
        "fill": "NA",
        "shape": "blank",
        "linetype": "longdash",
        "size": 1,
        "alpha": 1
      },
      "errorbars": {
        "color": "reset",
        "fill": "NA",
        "shape": "blank",
        "linetype": "solid",
        "size": 1,
        "alpha": 1
      }
    },
    "plotBoxWhisker": {
      "points": {
        "color": "#111111",
        "fill": "NA",
        "shape": "circle",
        "linetype": "blank",
        "size": 3,
        "alpha": 1
      },
      "ribbons": {
        "color": "#000000",
        "fill": "reset",
        "shape": "blank",
        "linetype": "solid",
        "size": 1,
        "alpha": "first"
      }
    },
    "plotTornado": {
      "lines": {
        "color": "#111111",
        "fill": "NA",
        "shape": "blank",
        "linetype": "longdash",
        "size": 1,
        "alpha": 1
      },
      "points": {
        "color": "reset",
        "fill": "NA",
        "shape": "reset",
        "linetype": "blank",
        "size": 3,
        "alpha": 1
      },
      "ribbons": {
        "color": "reset",
        "fill": "reset",
        "shape": "blank",
        "linetype": "solid",
        "size": 1,
        "alpha": "first"
      }
    },
    "plotHistogram": {
      "lines": {
        "color": "next",
        "fill": "NA",
        "shape": "blank",
        "linetype": "solid",
        "size": 1,
        "alpha": 1
      },
      "ribbons": {
        "color": "#000000",
        "fill": "reset",
        "shape": "blank",
        "linetype": "solid",
        "size": 1,
        "alpha": "first"
      }
    }
  }
}
